{
  "Buscar Vuelo" : {
    "transaction" : "Buscar Vuelo",
    "sampleCount" : 20,
    "errorCount" : 0,
    "errorPct" : 0.0,
    "meanResTime" : 473.2,
    "medianResTime" : 387.5,
    "minResTime" : 269.0,
    "maxResTime" : 1250.0,
    "pct1ResTime" : 1175.7000000000016,
    "pct2ResTime" : 1250.0,
    "pct3ResTime" : 1250.0,
    "throughput" : 1.573192794777,
    "receivedKBytesPerSec" : 11.312546704161095,
    "sentKBytesPerSec" : 0.3757841382836467
  },
  "Completar compra" : {
    "transaction" : "Completar compra",
    "sampleCount" : 10,
    "errorCount" : 0,
    "errorPct" : 0.0,
    "meanResTime" : 778.6,
    "medianResTime" : 560.0,
    "minResTime" : 279.0,
    "maxResTime" : 2452.0,
    "pct1ResTime" : 2316.8,
    "pct2ResTime" : 2452.0,
    "pct3ResTime" : 2452.0,
    "throughput" : 0.8727526618956188,
    "receivedKBytesPerSec" : 4.926279673590504,
    "sentKBytesPerSec" : 0.4195860697765753
  },
  "GET Home" : {
    "transaction" : "GET Home",
    "sampleCount" : 10,
    "errorCount" : 2,
    "errorPct" : 20.0,
    "meanResTime" : 955.7,
    "medianResTime" : 867.0,
    "minResTime" : 357.0,
    "maxResTime" : 2203.0,
    "pct1ResTime" : 2149.7000000000003,
    "pct2ResTime" : 2203.0,
    "pct3ResTime" : 2203.0,
    "throughput" : 0.8541168431841476,
    "receivedKBytesPerSec" : 3.2096109497779297,
    "sentKBytesPerSec" : 0.09675542364195422
  },
  "Debug Sampler" : {
    "transaction" : "Debug Sampler",
    "sampleCount" : 10,
    "errorCount" : 0,
    "errorPct" : 0.0,
    "meanResTime" : 0.20000000000000004,
    "medianResTime" : 0.0,
    "minResTime" : 0.0,
    "maxResTime" : 2.0,
    "pct1ResTime" : 1.8000000000000007,
    "pct2ResTime" : 2.0,
    "pct3ResTime" : 2.0,
    "throughput" : 0.8492569002123143,
    "receivedKBytesPerSec" : 0.46518378450106157,
    "sentKBytesPerSec" : 0.0
  },
  "Seleccionar Vuelo" : {
    "transaction" : "Seleccionar Vuelo",
    "sampleCount" : 10,
    "errorCount" : 0,
    "errorPct" : 0.0,
    "meanResTime" : 1165.9,
    "medianResTime" : 514.0,
    "minResTime" : 265.0,
    "maxResTime" : 5429.0,
    "pct1ResTime" : 5106.600000000001,
    "pct2ResTime" : 5429.0,
    "pct3ResTime" : 5429.0,
    "throughput" : 0.8748141020033243,
    "receivedKBytesPerSec" : 5.736695991164378,
    "sentKBytesPerSec" : 0.2742337175225265
  },
  "Completar Compra" : {
    "transaction" : "Completar Compra",
    "sampleCount" : 10,
    "errorCount" : 0,
    "errorPct" : 0.0,
    "meanResTime" : 778.6,
    "medianResTime" : 560.0,
    "minResTime" : 279.0,
    "maxResTime" : 2452.0,
    "pct1ResTime" : 2316.8,
    "pct2ResTime" : 2452.0,
    "pct3ResTime" : 2452.0,
    "throughput" : 0.8914244963451595,
    "receivedKBytesPerSec" : 5.031673426635764,
    "sentKBytesPerSec" : 0.428562772998752
  },
  "Total" : {
    "transaction" : "Total",
    "sampleCount" : 50,
    "errorCount" : 2,
    "errorPct" : 4.0,
    "meanResTime" : 674.72,
    "medianResTime" : 440.5,
    "minResTime" : 0.0,
    "maxResTime" : 5429.0,
    "pct1ResTime" : 1628.8999999999994,
    "pct2ResTime" : 2316.1499999999987,
    "pct3ResTime" : 5429.0,
    "throughput" : 2.8702640642939152,
    "receivedKBytesPerSec" : 13.60421076707807,
    "sentKBytesPerSec" : 0.658086520522388
  },
  "Seleccionar" : {
    "transaction" : "Seleccionar",
    "sampleCount" : 10,
    "errorCount" : 0,
    "errorPct" : 0.0,
    "meanResTime" : 1165.9,
    "medianResTime" : 514.0,
    "minResTime" : 265.0,
    "maxResTime" : 5429.0,
    "pct1ResTime" : 5106.600000000001,
    "pct2ResTime" : 5429.0,
    "pct3ResTime" : 5429.0,
    "throughput" : 0.8872327211427558,
    "receivedKBytesPerSec" : 5.818132541478129,
    "sentKBytesPerSec" : 0.2781266635613521
  },
  "Home" : {
    "transaction" : "Home",
    "sampleCount" : 10,
    "errorCount" : 2,
    "errorPct" : 20.0,
    "meanResTime" : 1897.5000000000002,
    "medianResTime" : 1552.0,
    "minResTime" : 653.0,
    "maxResTime" : 3551.0,
    "pct1ResTime" : 3487.9,
    "pct2ResTime" : 3551.0,
    "pct3ResTime" : 3551.0,
    "throughput" : 0.7980845969672786,
    "receivedKBytesPerSec" : 2.9990522745411017,
    "sentKBytesPerSec" : 0.09040802075019952
  }
}