{
  "Buscar Vuelo" : {
    "transaction" : "Buscar Vuelo",
    "sampleCount" : 220,
    "errorCount" : 0,
    "errorPct" : 0.0,
    "meanResTime" : 314.6909090909091,
    "medianResTime" : 312.0,
    "minResTime" : 259.0,
    "maxResTime" : 560.0,
    "pct1ResTime" : 357.9,
    "pct2ResTime" : 370.0,
    "pct3ResTime" : 532.909999999999,
    "throughput" : 5.527082705255753,
    "receivedKBytesPerSec" : 39.78881283916189,
    "sentKBytesPerSec" : 1.328923836172244
  },
  "Completar compra" : {
    "transaction" : "Completar compra",
    "sampleCount" : 110,
    "errorCount" : 0,
    "errorPct" : 0.0,
    "meanResTime" : 324.2818181818183,
    "medianResTime" : 317.5,
    "minResTime" : 261.0,
    "maxResTime" : 588.0,
    "pct1ResTime" : 382.30000000000007,
    "pct2ResTime" : 431.79999999999995,
    "pct3ResTime" : 572.4900000000001,
    "throughput" : 2.8479701739850873,
    "receivedKBytesPerSec" : 16.07545664612676,
    "sentKBytesPerSec" : 1.351117100119097
  },
  "GET Home" : {
    "transaction" : "GET Home",
    "sampleCount" : 110,
    "errorCount" : 0,
    "errorPct" : 0.0,
    "meanResTime" : 432.7272727272727,
    "medianResTime" : 436.0,
    "minResTime" : 264.0,
    "maxResTime" : 1262.0,
    "pct1ResTime" : 561.9,
    "pct2ResTime" : 644.05,
    "pct3ResTime" : 1211.2900000000002,
    "throughput" : 2.873413092314926,
    "receivedKBytesPerSec" : 13.348462968888773,
    "sentKBytesPerSec" : 0.32550382686380025
  },
  "Debug Sampler" : {
    "transaction" : "Debug Sampler",
    "sampleCount" : 110,
    "errorCount" : 0,
    "errorPct" : 0.0,
    "meanResTime" : 0.15454545454545457,
    "medianResTime" : 0.0,
    "minResTime" : 0.0,
    "maxResTime" : 5.0,
    "pct1ResTime" : 1.0,
    "pct2ResTime" : 1.0,
    "pct3ResTime" : 4.560000000000002,
    "throughput" : 2.905824858010831,
    "receivedKBytesPerSec" : 1.6418529586580375,
    "sentKBytesPerSec" : 0.0
  },
  "Seleccionar Vuelo" : {
    "transaction" : "Seleccionar Vuelo",
    "sampleCount" : 110,
    "errorCount" : 0,
    "errorPct" : 0.0,
    "meanResTime" : 325.71818181818185,
    "medianResTime" : 322.0,
    "minResTime" : 262.0,
    "maxResTime" : 638.0,
    "pct1ResTime" : 359.9,
    "pct2ResTime" : 423.34999999999974,
    "pct3ResTime" : 626.45,
    "throughput" : 2.81135788585887,
    "receivedKBytesPerSec" : 18.435808792521787,
    "sentKBytesPerSec" : 0.8812948060163058
  },
  "Completar Compra" : {
    "transaction" : "Completar Compra",
    "sampleCount" : 110,
    "errorCount" : 0,
    "errorPct" : 0.0,
    "meanResTime" : 324.2818181818183,
    "medianResTime" : 317.5,
    "minResTime" : 261.0,
    "maxResTime" : 588.0,
    "pct1ResTime" : 382.30000000000007,
    "pct2ResTime" : 431.79999999999995,
    "pct3ResTime" : 572.4900000000001,
    "throughput" : 2.8235535705118333,
    "receivedKBytesPerSec" : 15.937636364803122,
    "sentKBytesPerSec" : 1.339533520072899
  },
  "Total" : {
    "transaction" : "Total",
    "sampleCount" : 550,
    "errorCount" : 0,
    "errorPct" : 0.0,
    "meanResTime" : 279.51454545454516,
    "medianResTime" : 310.0,
    "minResTime" : 0.0,
    "maxResTime" : 1262.0,
    "pct1ResTime" : 447.0,
    "pct2ResTime" : 533.0,
    "pct3ResTime" : 644.4100000000001,
    "throughput" : 12.873025160912814,
    "receivedKBytesPerSec" : 63.365043519602104,
    "sentKBytesPerSec" : 2.939195984493856
  },
  "Seleccionar" : {
    "transaction" : "Seleccionar",
    "sampleCount" : 110,
    "errorCount" : 0,
    "errorPct" : 0.0,
    "meanResTime" : 325.71818181818185,
    "medianResTime" : 322.0,
    "minResTime" : 262.0,
    "maxResTime" : 638.0,
    "pct1ResTime" : 359.9,
    "pct2ResTime" : 423.34999999999974,
    "pct3ResTime" : 626.45,
    "throughput" : 2.819356161574739,
    "receivedKBytesPerSec" : 18.488258422826533,
    "sentKBytesPerSec" : 0.8838020779936436
  },
  "Home" : {
    "transaction" : "Home",
    "sampleCount" : 110,
    "errorCount" : 0,
    "errorPct" : 0.0,
    "meanResTime" : 1436.681818181818,
    "medianResTime" : 1297.0,
    "minResTime" : 423.0,
    "maxResTime" : 4511.0,
    "pct1ResTime" : 2448.9000000000005,
    "pct2ResTime" : 2868.749999999999,
    "pct3ResTime" : 4460.84,
    "throughput" : 2.8179838606378893,
    "receivedKBytesPerSec" : 13.090966040092226,
    "sentKBytesPerSec" : 0.3192247342128859
  }
}